{
  "01 - GET / Home" : {
    "transaction" : "01 - GET / Home",
    "sampleCount" : 20777,
    "errorCount" : 63,
    "errorPct" : 0.3032199,
    "meanResTime" : 1026.479279973049,
    "medianResTime" : 267.0,
    "minResTime" : 21.0,
    "maxResTime" : 10320.0,
    "pct1ResTime" : 3144.800000000003,
    "pct2ResTime" : 6418.800000000003,
    "pct3ResTime" : 9192.94000000001,
    "throughput" : 56.27695074649505,
    "receivedKBytesPerSec" : 260.67777847468255,
    "sentKBytesPerSec" : 14.234111565763884
  },
  "Total" : {
    "transaction" : "Total",
    "sampleCount" : 82714,
    "errorCount" : 278,
    "errorPct" : 0.33609787,
    "meanResTime" : 1006.5442609473594,
    "medianResTime" : 228.0,
    "minResTime" : 18.0,
    "maxResTime" : 10320.0,
    "pct1ResTime" : 3400.9000000000015,
    "pct2ResTime" : 7634.850000000002,
    "pct3ResTime" : 9513.990000000002,
    "throughput" : 223.95568215047706,
    "receivedKBytesPerSec" : 1341.5646964274351,
    "sentKBytesPerSec" : 90.29592562975182
  },
  "03 - POST /purchase.php Selecionar Voo" : {
    "transaction" : "03 - POST /purchase.php Selecionar Voo",
    "sampleCount" : 20645,
    "errorCount" : 71,
    "errorPct" : 0.34390894,
    "meanResTime" : 976.7437151852708,
    "medianResTime" : 272.0,
    "minResTime" : 18.0,
    "maxResTime" : 10296.0,
    "pct1ResTime" : 2718.9000000000015,
    "pct2ResTime" : 6056.700000000004,
    "pct3ResTime" : 9181.980000000003,
    "throughput" : 56.115182221449075,
    "receivedKBytesPerSec" : 366.9749307478989,
    "sentKBytesPerSec" : 23.892792430226365
  },
  "02 - POST /reserve.php Reservar Voo" : {
    "transaction" : "02 - POST /reserve.php Reservar Voo",
    "sampleCount" : 20710,
    "errorCount" : 75,
    "errorPct" : 0.3621439,
    "meanResTime" : 1011.8960405601166,
    "medianResTime" : 270.0,
    "minResTime" : 18.0,
    "maxResTime" : 10306.0,
    "pct1ResTime" : 3002.9000000000015,
    "pct2ResTime" : 6293.950000000001,
    "pct3ResTime" : 9254.900000000016,
    "throughput" : 56.31987294715287,
    "receivedKBytesPerSec" : 403.64957346653443,
    "sentKBytesPerSec" : 21.28495198295719
  },
  "04 - POST /confirmation.php Confirmar Voo" : {
    "transaction" : "04 - POST /confirmation.php Confirmar Voo",
    "sampleCount" : 20582,
    "errorCount" : 69,
    "errorPct" : 0.3352444,
    "meanResTime" : 1010.9270721990065,
    "medianResTime" : 269.0,
    "minResTime" : 18.0,
    "maxResTime" : 10314.0,
    "pct1ResTime" : 3079.0,
    "pct2ResTime" : 6200.750000000004,
    "pct3ResTime" : 9075.0,
    "throughput" : 56.06371793265381,
    "receivedKBytesPerSec" : 315.4316931987808,
    "sentKBytesPerSec" : 31.26209271439973
  }
}