{
  "01 - GET / Home" : {
    "transaction" : "01 - GET / Home",
    "sampleCount" : 19287,
    "errorCount" : 78,
    "errorPct" : 0.40441748,
    "meanResTime" : 1073.2781666407468,
    "medianResTime" : 235.0,
    "minResTime" : 33.0,
    "maxResTime" : 10396.0,
    "pct1ResTime" : 3561.600000000002,
    "pct2ResTime" : 7093.199999999997,
    "pct3ResTime" : 9245.359999999997,
    "throughput" : 52.243232920794085,
    "receivedKBytesPerSec" : 241.75878298637915,
    "sentKBytesPerSec" : 13.213864576646161
  },
  "Total" : {
    "transaction" : "Total",
    "sampleCount" : 76788,
    "errorCount" : 334,
    "errorPct" : 0.4349638,
    "meanResTime" : 1083.199822889009,
    "medianResTime" : 231.0,
    "minResTime" : 32.0,
    "maxResTime" : 10421.0,
    "pct1ResTime" : 3768.0,
    "pct2ResTime" : 5855.800000000003,
    "pct3ResTime" : 9347.860000000022,
    "throughput" : 207.94878460938514,
    "receivedKBytesPerSec" : 1244.5402903647525,
    "sentKBytesPerSec" : 83.83931237204277
  },
  "03 - POST /purchase.php Selecionar Voo" : {
    "transaction" : "03 - POST /purchase.php Selecionar Voo",
    "sampleCount" : 19168,
    "errorCount" : 76,
    "errorPct" : 0.39649415,
    "meanResTime" : 1082.9205968280419,
    "medianResTime" : 236.0,
    "minResTime" : 33.0,
    "maxResTime" : 10410.0,
    "pct1ResTime" : 3506.4000000000087,
    "pct2ResTime" : 7206.549999999999,
    "pct3ResTime" : 9509.48000000001,
    "throughput" : 52.1395210932761,
    "receivedKBytesPerSec" : 340.80118390415333,
    "sentKBytesPerSec" : 22.200030465496464
  },
  "02 - POST /reserve.php Reservar Voo" : {
    "transaction" : "02 - POST /reserve.php Reservar Voo",
    "sampleCount" : 19233,
    "errorCount" : 90,
    "errorPct" : 0.46794572,
    "meanResTime" : 1084.0476784692949,
    "medianResTime" : 235.0,
    "minResTime" : 32.0,
    "maxResTime" : 10389.0,
    "pct1ResTime" : 3757.600000000002,
    "pct2ResTime" : 7147.199999999997,
    "pct3ResTime" : 9285.0,
    "throughput" : 52.25393133877436,
    "receivedKBytesPerSec" : 374.12241027388285,
    "sentKBytesPerSec" : 19.74831194150945
  },
  "04 - POST /confirmation.php Confirmar Voo" : {
    "transaction" : "04 - POST /confirmation.php Confirmar Voo",
    "sampleCount" : 19100,
    "errorCount" : 90,
    "errorPct" : 0.4712042,
    "meanResTime" : 1092.6450785340346,
    "medianResTime" : 240.0,
    "minResTime" : 32.0,
    "maxResTime" : 10421.0,
    "pct1ResTime" : 3716.9000000000015,
    "pct2ResTime" : 7112.950000000001,
    "pct3ResTime" : 9306.910000000014,
    "throughput" : 51.95992284903602,
    "receivedKBytesPerSec" : 291.9583390575395,
    "sentKBytesPerSec" : 28.973746041796453
  }
}